,AAPL,GOOG,JNJ,KO,MSFT,NVDA,PG,TSLA
AAPL,1.0,0.49680857491372976,0.17767115297565764,0.5494338176729203,0.7240974371235288,0.7120946078126246,0.7279806571894891,0.6131150500585698
GOOG,0.49680857491372976,1.0,0.12108750593767996,-0.05144333193861109,0.89337477523877,0.6842440683809645,0.44296439865196563,0.6578270729630329
JNJ,0.17767115297565764,0.12108750593767996,1.0,0.5533103800593727,0.06742408691582809,-0.0931707348497966,0.46323728299115985,0.011736678053203518
KO,0.5494338176729203,-0.05144333193861109,0.5533103800593727,1.0,0.16993108165803808,0.20737620146578883,0.6685904704887085,-0.035561800013104335
MSFT,0.7240974371235288,0.89337477523877,0.06742408691582809,0.16993108165803808,1.0,0.8872516855689289,0.6301803561108834,0.6831001973137671
NVDA,0.7120946078126246,0.6842440683809645,-0.0931707348497966,0.20737620146578883,0.8872516855689289,1.0,0.6427293258928445,0.5142236977044753
PG,0.7279806571894891,0.44296439865196563,0.46323728299115985,0.6685904704887085,0.6301803561108834,0.6427293258928445,1.0,0.3696968678931426
TSLA,0.6131150500585698,0.6578270729630329,0.011736678053203518,-0.035561800013104335,0.6831001973137671,0.5142236977044753,0.3696968678931426,1.0
