,AAPL,GOOG,JNJ,KO,MSFT,NVDA,PG,TSLA
AAPL,0.09092556465224033,0.06969879842431896,0.013865032381482062,0.020931668157310027,0.06676936052049999,0.11028677455286803,0.01895741893921115,0.10606800909032718
GOOG,0.06969879842431896,0.10909952746456598,0.011977709083105673,0.01743805700741778,0.07696852621484906,0.11642525315683297,0.016467944497216416,0.09017301829878567
JNJ,0.013865032381482062,0.011977709083105673,0.026407519348627798,0.013930506451826228,0.012501018508995673,0.009192844004892639,0.016569274403272844,0.004644591866024518
KO,0.020931668157310027,0.01743805700741778,0.013930506451826228,0.029227041394513837,0.019431324179469453,0.020339661261981404,0.02164756007626652,0.012210140821728463
MSFT,0.06676936052049999,0.07696852621484906,0.012501018508995673,0.019431324179469453,0.08533554122709591,0.11373543189822687,0.01902495494951244,0.08640420845077693
NVDA,0.11028677455286803,0.11642525315683297,0.009192844004892639,0.020339661261981404,0.11373543189822687,0.30096601627830655,0.01878311845277701,0.19779099078804407
PG,0.01895741893921115,0.016467944497216416,0.016569274403272844,0.02164756007626652,0.01902495494951244,0.01878311845277701,0.03355528705859905,0.006729147997542743
TSLA,0.10606800909032718,0.09017301829878567,0.004644591866024518,0.012210140821728463,0.08640420845077693,0.19779099078804407,0.006729147997542743,0.383832254721758
